optimal path loss,optimal path sihlouette,optimal path configurations,direct iteration
144.07261657714844,0.574485512990533,"[([0.5, 0.5, 0.5, 0.5, 0.5], 32), ([0.5, 0.5, 0.5, 0.5, 0.5], 32), ([0.5, 0.5, 0.5, 0.5, 0.5], 32)]",0
143.4662068684896,0.5516828351559796,"[([0.16666666666666666, 0.5, 0.5, 0.5, 0.5], 32), ([0.16666666666666666, 0.5, 0.5, 0.5, 0.5], 32), ([0.16666666666666666, 0.5, 0.5, 0.5, 0.5], 32)]",1
143.83611043294272,0.5822773320556514,"[([0.16666666666666666, 0.8333333333333333, 0.5, 0.5, 0.5], 32), ([0.16666666666666666, 0.8333333333333333, 0.5, 0.5, 0.5], 32), ([0.16666666666666666, 0.8333333333333333, 0.5, 0.5, 0.5], 32)]",4
143.67261759440103,0.580881660115348,"[([0.16666666666666666, 0.8333333333333333, 0.8333333333333333, 0.5, 0.5], 32), ([0.16666666666666666, 0.8333333333333333, 0.8333333333333333, 0.5, 0.5], 32), ([0.16666666666666666, 0.8333333333333333, 0.8333333333333333, 0.5, 0.5], 32)]",5
143.58039093017578,0.6289655827349431,"[([0.16666666666666666, 0.8333333333333333, 0.8333333333333333, 0.8333333333333333, 0.5], 32), ([0.16666666666666666, 0.8333333333333333, 0.8333333333333333, 0.8333333333333333, 0.5], 32), ([0.16666666666666666, 0.8333333333333333, 0.8333333333333333, 0.8333333333333333, 0.5], 32)]",8
143.37612915039062,0.6696274601839263,"[([0.16666666666666666, 0.8333333333333333, 0.8333333333333333, 0.8333333333333333, 0.16666666666666666], 32), ([0.16666666666666666, 0.8333333333333333, 0.8333333333333333, 0.8333333333333333, 0.16666666666666666], 32), ([0.16666666666666666, 0.8333333333333333, 0.8333333333333333, 0.8333333333333333, 0.16666666666666666], 32)]",9
