optimal path loss,optimal path configurations,direct iteration
0.4436402260325849,"[([0.5, 0.5, 0.5, 0.5, 0.5, 0.5, 0.5, 0.5], 100), ([0.5, 0.5, 0.5, 0.5, 0.5, 0.5, 0.5, 0.5], 100)]",2
0.22017397359013557,"[([0.5, 0.8333333333333333, 0.5, 0.5, 0.5, 0.5, 0.5, 0.5], 100), ([0.5, 0.8333333333333333, 0.5, 0.5, 0.5, 0.5, 0.5, 0.5], 100)]",0
