exp. number,configurations,loss,AUC,Sihlouette,intermediate errors,intermediate errors percentage,final errors,final errors percentage,training addded,training cancelled,accurate continuations (refers only to conscious continuations)
0,"(0, [0.5, 0.5, 0.5, 0.5, 0.5], 32)",27206.142578125,0.6811573879706012,0.024042537435889244,509948.34421817155,99.999466952414,nan,nan,True,False,nan
1,"(1, [0.167, 0.5, 0.5, 0.5, 0.5], 32)",31256.591796875,0.6318883705538085,0.02492292784154415,[3885.875],[0.75624672],nan,nan,True,False,nan
2,"(2, [0.833, 0.5, 0.5, 0.5, 0.5], 32)",27963.435546875,0.6233894265336665,0.02462194673717022,[1047.8125],[0.20511311],nan,nan,True,False,nan
