rectangle number,configurations,loss,AUC,Sihlouette,created in x DIRECT iteration,rectangle volumes,rectangle diameters,optimal
0,"(0, [0.5, 0.5, 0.5, 0.5, 0.5], 32)",27206.142578125,0.6811573879706012,0.024042537435889244,0,"[0.3333333333333333, 0.3333333333333333, 0.3333333333333333]","[1.0137937550497031, 1.0137937550497031, 1.0137937550497031]","[True, True, True]"
1,"(1, [0.167, 0.5, 0.5, 0.5, 0.5], 32)",31256.591796875,0.6318883705538085,0.02492292784154415,1,"[nan, 0.3333333333333333, 0.3333333333333333]","[nan, 1.0137937550497031, 1.0137937550497031]","[nan, False, False]"
2,"(2, [0.833, 0.5, 0.5, 0.5, 0.5], 32)",27963.435546875,0.6233894265336665,0.02462194673717022,1,"[nan, 0.33333333333333337, 0.33333333333333337]","[nan, 1.0137937550497031, 1.0137937550497031]","[nan, False, False]"
