sihlouette,configuration
0.024042537435889244,"[([0.5, 0.5, 0.5, 0.5, 0.5], 32)]"
0.02462194673717022,"[([0.8333333333333333, 0.5, 0.5, 0.5, 0.5], 32)]"
0.02492292784154415,"[([0.16666666666666666, 0.5, 0.5, 0.5, 0.5], 32)]"
