loss,configuration
27206.142578125,"[([0.5, 0.5, 0.5, 0.5, 0.5], 32)]"
27963.435546875,"[([0.8333333333333333, 0.5, 0.5, 0.5, 0.5], 32)]"
31256.591796875,"[([0.16666666666666666, 0.5, 0.5, 0.5, 0.5], 32)]"
